-- --------------------------------------------------------
-- Servidor:                     127.0.0.1
-- Versão do servidor:           10.4.32-MariaDB - mariadb.org binary distribution
-- OS do Servidor:               Win64
-- HeidiSQL Versão:              12.1.0.6537
-- --------------------------------------------------------

/*!40101 SET @OLD_CHARACTER_SET_CLIENT=@@CHARACTER_SET_CLIENT */;
/*!40101 SET NAMES utf8 */;
/*!50503 SET NAMES utf8mb4 */;
/*!40103 SET @OLD_TIME_ZONE=@@TIME_ZONE */;
/*!40103 SET TIME_ZONE='+00:00' */;
/*!40014 SET @OLD_FOREIGN_KEY_CHECKS=@@FOREIGN_KEY_CHECKS, FOREIGN_KEY_CHECKS=0 */;
/*!40101 SET @OLD_SQL_MODE=@@SQL_MODE, SQL_MODE='NO_AUTO_VALUE_ON_ZERO' */;
/*!40111 SET @OLD_SQL_NOTES=@@SQL_NOTES, SQL_NOTES=0 */;


-- Copiando estrutura do banco de dados para login
CREATE DATABASE IF NOT EXISTS `login` /*!40100 DEFAULT CHARACTER SET utf8mb4 COLLATE utf8mb4_general_ci */;
USE `login`;

-- Copiando estrutura para tabela login.cadastro
CREATE TABLE IF NOT EXISTS `cadastro` (
  `email` varchar(50) NOT NULL DEFAULT '',
  `nome` varchar(255) DEFAULT NULL,
  `senha` varchar(255) DEFAULT NULL,
  PRIMARY KEY (`email`)
) ENGINE=InnoDB DEFAULT CHARSET=utf8mb4 COLLATE=utf8mb4_general_ci;

-- Copiando dados para a tabela login.cadastro: ~2 rows (aproximadamente)
INSERT INTO `cadastro` (`email`, `nome`, `senha`) VALUES
	('Eduardo@gmail.com', 'Eduardo', '56789'),
	('kalebe@gmail.com', 'kalebe', 'kalebefs'),
	('lupita@gmail.com', 'lupita', '123'),
	('mateus@gmail.com', 'mateus', '1234'),
	('matias@gmail.com', 'matias', '1234');

-- Copiando estrutura para tabela login.categorias
CREATE TABLE IF NOT EXISTS `categorias` (
  `id` int(11) NOT NULL AUTO_INCREMENT,
  `nome` varchar(255) DEFAULT NULL,
  PRIMARY KEY (`id`)
) ENGINE=InnoDB AUTO_INCREMENT=14 DEFAULT CHARSET=utf8mb4 COLLATE=utf8mb4_general_ci;

-- Copiando dados para a tabela login.categorias: ~13 rows (aproximadamente)
INSERT INTO `categorias` (`id`, `nome`) VALUES
	(1, 'balas'),
	(2, 'doces'),
	(3, 'chocolate'),
	(4, 'bandeija'),
	(5, 'isopor'),
	(6, 'laminada'),
	(7, 'plastico'),
	(8, 'balao'),
	(9, 'vela'),
	(10, 'festa'),
	(11, 'confeitaria'),
	(12, 'embalagens'),
	(13, 'chocolates');

-- Copiando estrutura para tabela login.comentarios
CREATE TABLE IF NOT EXISTS `comentarios` (
  `ID` int(11) NOT NULL AUTO_INCREMENT,
  `nome` varchar(255) NOT NULL DEFAULT '0',
  `email` varchar(255) NOT NULL DEFAULT '0',
  `comentario` text NOT NULL,
  `avaliacao` int(11) NOT NULL DEFAULT 0,
  PRIMARY KEY (`ID`)
) ENGINE=InnoDB AUTO_INCREMENT=10 DEFAULT CHARSET=utf8mb4 COLLATE=utf8mb4_general_ci;

-- Copiando dados para a tabela login.comentarios: ~3 rows (aproximadamente)
INSERT INTO `comentarios` (`ID`, `nome`, `email`, `comentario`, `avaliacao`) VALUES
	(3, 'maria', 'eu@gmail.com', 'muito top', 5),
	(4, 'ANDREIA', 'maria@gmail.com', 'muito bom essa loja adorei !', 5),
	(5, 'Maria Eduarda', 'maria@gmail.com', 'Lindoo, tudo muito maravilhoso nessa belissima loja dos meus pais te amo, beijão', 2),
	(6, 'mateus', 'mateus@gmai.com', 'dadawdwadwa', 5),
	(7, 'kalebe', 'kalebe@gmail.com', 'gostei bastante, encontrei tudo que eu queria', 5),
	(8, 'mateus', 'matias@gmail.com', 'oç.pioç.9oço9i', 4),
	(9, 'Eduardo', 'Eduardo@gmail.com', 'dgwaeyilfg yiuçwlfgu', 5);

-- Copiando estrutura para tabela login.doces
CREATE TABLE IF NOT EXISTS `doces` (
  `ID` int(11) NOT NULL,
  `nomes` varchar(255) DEFAULT NULL,
  `preco` decimal(10,2) DEFAULT NULL,
  `descricao` varchar(255) DEFAULT NULL,
  `img` varchar(255) DEFAULT NULL,
  `img3` varchar(255) DEFAULT NULL,
  `img4` varchar(255) DEFAULT NULL,
  `Contem` varchar(255) DEFAULT NULL,
  `descricaogeral` varchar(255) DEFAULT NULL,
  `observacao` varchar(255) DEFAULT NULL,
  `observacao2` varchar(255) DEFAULT NULL,
  `observacao3` varchar(255) DEFAULT NULL,
  `categorias` int(11) DEFAULT NULL,
  PRIMARY KEY (`ID`),
  KEY `FK_categoria` (`categorias`),
  CONSTRAINT `FK_categoria` FOREIGN KEY (`categorias`) REFERENCES `categorias` (`id`) ON DELETE NO ACTION ON UPDATE NO ACTION
) ENGINE=InnoDB DEFAULT CHARSET=utf8mb4 COLLATE=utf8mb4_general_ci;

-- Copiando dados para a tabela login.doces: ~39 rows (aproximadamente)
INSERT INTO `doces` (`ID`, `nomes`, `preco`, `descricao`, `img`, `img3`, `img4`, `Contem`, `descricaogeral`, `observacao`, `observacao2`, `observacao3`, `categorias`) VALUES
	(1, 'SONHO DE VALSA', 59.00, 'Sonho de valsa com 50/un', '61i2HM5i97L._AC_UF1000,1000_QL80_.jpg', 'sonhodevalsa3,png.png', 'tabela sonho de valsa.png', '50 unidades', 'Chocolate para crianças e adultos, para consumo diário, festas, entretenimento, vem embalado e é prático para decoração e consumo.', 'Todas as informações divulgadas são de responsabilidade do fabricante/fornecedor.', 'Imagens ilustrativas, as cores podem alterar conforme o seu monitor.', 'Produtos que compõem a foto não acompanha o produto, são de caráter ilustrativo.', 3),
	(2, 'DADINHO', 29.90, 'Dadinho tradicional  900g', 'dadinho-doce-de-amendoim-900g-dizioli.jpg', 'dadinho-doce-de-amendoim-900g-dizioli.jpg', 'tabela dadinho.png', 'Embalagem de 900g contendo aproximadamente 100 unidades.', 'Dispensando apresentações, o quadradinho mais amado do Brasil tem o sabor da infância e tá nos corações de todo mundo, desde 1954. Embalagem de 600g contendo aproximadamente 100 unidades.', 'Todas as informações divulgadas são de responsabilidade do fabricante/fornecedor.', ' Imagens ilustrativas, as cores podem alterar conforme o seu monitor.', ' Produtos que compõem a foto não acompanha o produto, são de caráter ilustrativo.', 3),
	(3, 'SUFLAIR', 34.00, 'Barra Suflair Nestle 20X50G', 'suflair_nestle_ao_leite_20x50g_1249_1_691fc501850e7efb8c6626480cb7dac7.png', 'suflair_nestle_ao_leite_20x50g_1249_1_691fc501850e7efb8c6626480cb7dac7.png', 'tabela suflair.png', '20 unidades de 50g cada', 'O chocolate aerado que derrete suavemente na boca!', 'Todas as informações divulgadas são de responsabilidade do fabricante/fornecedor.', ' Imagens ilustrativas, as cores podem alterar conforme o seu monitor.', 'Produtos que compõem a foto não acompanha o produto, são de caráter ilustrativo.', 3),
	(4, 'BATON', 29.00, 'Baton Garoto 30X16G', 'batom.jpg', 'batom.jpg', 'tabela batonn.png', '30 unidades de 16g cada', 'O chocolate infantil mais querido do Brasil, as crianças e adultos amam.', ' Todas as informações divulgadas são de responsabilidade do fabricante/fornecedor.', 'Imagens ilustrativas, as cores podem alterar conforme o seu monitor.', 'Produtos que compõem a foto não acompanha o produto, são de caráter ilustrativo.', 3),
	(6, 'KIT KAT', 23.00, 'Bala Bolete Tutti Frutti 600g', 'KitKat.jpg', 'kitket2.png', 'tabela kitkat.png', ' 24 unidades de 41,5g cada', 'A deliciosa combinação de wafer com chocolate Nestlé que te acompanha no seu #Break. Have a break, have a KITKAT.', ' Todas as informações divulgadas são de responsabilidade do fabricante/fornecedor.', 'Imagens ilustrativas, as cores podem alterar conforme o seu monitor.', 'Produtos que compõem a foto não acompanha o produto, são de caráter ilustrativo.', 3),
	(7, 'BIS', 23.00, 'Chocolate Bis (sabores) 126G', 'bis1.png', 'bis.png', 'tabelabis.png', 'Chocolate Bis ao Leite 20 unidades - 126 gramas Lacta', 'Chocolate Bis ao Leite 20 unidades - 126 gramas Lacta', ' Todas as informações divulgadas são de responsabilidade do fabricante/fornecedor.', 'Imagens ilustrativas, as cores podem alterar conforme o seu monitor.', 'Produtos que compõem a foto não acompanha o produto, são de caráter ilustrativo.', 3),
	(8, 'BARRA DE CHOCOLATE LACTA', 9.00, 'Barra de Chocolate Lacta 165g', 'barralacta.png', 'Lactaa.jpg', 'tabela barra lacta.png', '12 unidades de 34g cada', 'Impossível não se apaixonar pelo delicioso e inconfundível sabor da Barra de Chocolate ao Leite da Lacta. Ainda mais no tamanho família. Mais que uma saborosa barra de chocolate, simplesmente a maior gostosura em formato e tamanho, para você dividir se qu', ' Todas as informações divulgadas são de responsabilidade do fabricante/fornecedor.', 'Imagens ilustrativas, as cores podem alterar conforme o seu monitor.', 'Produtos que compõem a foto não acompanha o produto, são de caráter ilustrativo.', 3),
	(9, 'BARRA DE CHOCOLATE GAROTO', 9.00, 'Barra de Chocolate Garoto 80g', 'Garoto.png', 'Ao_Leite.png', 'tabela barra garoto.png', 'Vem com 80g de chocolate', 'Pra quem ama um clássico de qualidade a Barra de Chocolate ao Leite Garoto 80gé o delicioso chocolate ao leite Garoto que só o cacau explica.', ' Todas as informações divulgadas são de responsabilidade do fabricante/fornecedor.', 'Imagens ilustrativas, as cores podem alterar conforme o seu monitor.', 'Produtos que compõem a foto não acompanha o produto, são de caráter ilustrativo.', 3),
	(10, 'CAIXA DE BOMBOM NESTLE', 15.00, 'Caixa de Bombom Nestle 251g', 'Nestle.png', 'bombomnestle.png', 'tabela caixa de bombom nestle.png', 'A caixa de variedades de chocolate com 251g', 'A Caixa Bombom Especialidades Nestlé é composta pelos clássicos chocolates da Nestlé, possui uma diversidade de sabores que agradam a todos os gostos.', ' Todas as informações divulgadas são de responsabilidade do fabricante/fornecedor.', 'Imagens ilustrativas, as cores podem alterar conforme o seu monitor.', 'Produtos que compõem a foto não acompanha o produto, são de caráter ilustrativo.', 3),
	(11, 'CAIXA DE BOMBOM GAROTO', 15.00, 'Caixa de Bombom Garoto 250g', 'Garoto.jpg', 'bombomgaroto.png', 'tabela caixa de bombom garoto.png', 'A caixa de variedades de chocolate garoto 250g', 'A Caixa de Bombom da Garoto é um presente que encanta aos olhos, uma surpresa e uma troca de carinho. Para qualquer momento e qualquer lugar, possui uma diversidade de sabores que agradam a todos os gostos.', ' Todas as informações divulgadas são de responsabilidade do fabricante/fornecedor.', 'Imagens ilustrativas, as cores podem alterar conforme o seu monitor.', 'Produtos que compõem a foto não acompanha o produto, são de caráter ilustrativo.', 3),
	(12, 'TALENTO', 8.00, 'Chocolate Talento 12x85g', 'Talento.jpg', 'talento.png', 'tabela talento.png', '12 unidades com 85g  ', 'Talento Avelã 25g Pedacinhos de avelã mergulhados em chocolate ao leite.', ' Todas as informações divulgadas são de responsabilidade do fabricante/fornecedor.', 'Imagens ilustrativas, as cores podem alterar conforme o seu monitor.', 'Produtos que compõem a foto não acompanha o produto, são de caráter ilustrativo.', 3),
	(13, 'POTE CAJUZINHO DOCE', 8.90, 'Pote de cajuzinho 400g', 'juncocaju.png', 'cajuzinho.png', 'tabela pote de cajuzinho.png', 'Peso liq. 400g de cajuzinho', 'Doce delicioso para servir enrolado em forminhas ou copinhos para comer de colher.', ' Todas as informações divulgadas são de responsabilidade do fabricante/fornecedor.', 'Imagens ilustrativas, as cores podem alterar conforme o seu monitor.', 'Produtos que compõem a foto não acompanha o produto, são de caráter ilustrativo.', 3),
	(14, 'POTE BEIJINHO DOCE', 9.90, 'Pote de beijinho 400g', 'beijinho.png', 'beijinho1.png', 'tabela pote de beijinho.png', 'Peso liq. 400g de beijinho', 'O Beijinho é um doce tipicamente brasileiro servido em festas de aniversário e é ingrediente indispensável em muitas receitas de confeitaria.', ' Todas as informações divulgadas são de responsabilidade do fabricante/fornecedor.', 'Imagens ilustrativas, as cores podem alterar conforme o seu monitor.', 'Produtos que compõem a foto não acompanha o produto, são de caráter ilustrativo.', 2),
	(15, 'POTE BRIGADEIRO DOCE', 8.90, 'Pote de brigadeiro 400g', 'brigadeiro.png', 'brigadeiro1.png', 'tabela pote de brigadeiro.png', 'Peso liq. 400g de brigadeiro', 'A dosagem é feita de acordo com a sua receita. O produto pode ser utilizado como se encontra na embalagem ou misturado a outros produtos como chantilly, massas e biscoitos, bolos e frutas.', ' Todas as informações divulgadas são de responsabilidade do fabricante/fornecedor.', 'Imagens ilustrativas, as cores podem alterar conforme o seu monitor.', 'Produtos que compõem a foto não acompanha o produto, são de caráter ilustrativo.', 2),
	(16, 'POTE DOCE DE LEITE DOCE', 7.90, 'Pote de doce de leite 400g', 'doce de leite.png', 'docedeleite.png', 'tabela doce de leite.png', 'Peso liq. 400g de doce de leite', 'Doce de leite em um pote de 400g para ser a sobremesa do dia ou servir como recheio de bolos e doces. Após aberto consumir em 30 dias.', ' Todas as informações divulgadas são de responsabilidade do fabricante/fornecedor.', 'Imagens ilustrativas, as cores podem alterar conforme o seu monitor.', 'Produtos que compõem a foto não acompanha o produto, são de caráter ilustrativo.', 2),
	(17, 'CAIXA DE GUARDA-CHUVA', 12.90, 'Caixa de guarda-chuva marisbel 300g', 'guarda-chuva.png', 'guarda-chuva1.png', 'tabela guarda-chuva.png', '50 unidades com 300g', 'Chocolate guarda-chuva Kikakau, caixa com 50 unidades. Peso total da embalagem 340g.', ' Todas as informações divulgadas são de responsabilidade do fabricante/fornecedor.', 'Imagens ilustrativas, as cores podem alterar conforme o seu monitor.', 'Produtos que compõem a foto não acompanha o produto, são de caráter ilustrativo.', 2),
	(18, 'CAIXA DE MORANGUETE', 17.90, 'Caixa de moranguete 36/u', 'moranguete.png', 'moranguete1.png', 'tabela moranguete.png', '36 unidades, pesando 13gr cada.', 'Bombom Chocolate Recheado Moranguete c/18 - Bel Delicioso bombom com recheio sabor morango e cobertura sabor chocolate ao leite.', ' Todas as informações divulgadas são de responsabilidade do fabricante/fornecedor.', 'Imagens ilustrativas, as cores podem alterar conforme o seu monitor.', 'Produtos que compõem a foto não acompanha o produto, são de caráter ilustrativo.', 3),
	(19, 'POTE DE BOLINHAS DE CHOCOLATE', 11.50, 'Pote de bolinhas de chocolate Bolibol', 'bolibol.png', 'saco-futbol.png', 'tabela bolinhas de chocolate.png', '50 unidades com 300g', 'Chocolates que lembram a infância, divertido , ideal para saquinho surpresa, mesa de guloseimas, enfeites!', ' Todas as informações divulgadas são de responsabilidade do fabricante/fornecedor.', 'Imagens ilustrativas, as cores podem alterar conforme o seu monitor.', 'Produtos que compõem a foto não acompanha o produto, são de caráter ilustrativo.', 3),
	(20, 'CAIXA DE NUCITA', 21.90, 'Caixa de Nucita com 48/u', 'nucita.png', 'nucita1.png', 'tabela nucita.png', '48 unidades Napolitano Nucita 480G', 'Contém: 48 unidades Detalhes do produto: Creme Napolitano Nucita 480G Creme: Chocolate avelã Peso unitário: 10gr', ' Todas as informações divulgadas são de responsabilidade do fabricante/fornecedor.', 'Imagens ilustrativas, as cores podem alterar conforme o seu monitor.', 'Produtos que compõem a foto não acompanha o produto, são de caráter ilustrativo.', 3),
	(21, 'CHUP DE LEITE', 14.90, 'Chup de leite 700g', 'chupdeleite2.png', 'chupdeleite3.png', 'tabela chup de leite.png', '40 unidades 700g', 'Chup-Chup Paluti Chup de Leite 700g - 50Unidades Tradicional', ' Todas as informações divulgadas são de responsabilidade do fabricante/fornecedor.', 'Imagens ilustrativas, as cores podem alterar conforme o seu monitor.', 'Produtos que compõem a foto não acompanha o produto, são de caráter ilustrativo.', 3),
	(22, 'BALA FREEGELLS', 11.90, 'Bala  freegells 584g', 'bala-freegells.png', 'bala-freegells1.png', 'tabela freegells.png', '146 unidades 584g', 'Bala gelada no sabor cereja refrescante. Ideal para lembrancinhas, comércio ou para adoçar o seu dia! Embalagem de 584g contendo aproximadamente 146 unidades.', ' Todas as informações divulgadas são de responsabilidade do fabricante/fornecedor.', 'Imagens ilustrativas, as cores podem alterar conforme o seu monitor.', 'Produtos que compõem a foto não acompanha o produto, são de caráter ilustrativo.', 3),
	(23, 'BALA CORAÇÃO', 14.50, 'Bala coração 500g', 'bala-coracao.png', 'balinhacoracao.png', 'tabela bala coração.png', '140 unidades 500g', 'Contém: 500g com 124 unidades aproximadamente', ' Todas as informações divulgadas são de responsabilidade do fabricante/fornecedor.', 'Imagens ilustrativas, as cores podem alterar conforme o seu monitor.', 'Produtos que compõem a foto não acompanha o produto, são de caráter ilustrativo.', 1),
	(24, 'BALA BRAZILIAN COFFEE', 14.50, 'Bala brazilian coffee 500g', 'bala-coffee.png', 'balacoffe.png', 'tabela bala brazilian coffee.png', '500g Coffee', 'Brazilian Coffee, uma bala muito saborosa, elaborada com ingredientes de alta qualidade, e com o verdadeiro gostinho do café brasileiro. ', ' Todas as informações divulgadas são de responsabilidade do fabricante/fornecedor.', 'Imagens ilustrativas, as cores podem alterar conforme o seu monitor.', 'Produtos que compõem a foto não acompanha o produto, são de caráter ilustrativo.', 1),
	(25, 'BALA BUTTER TOFFEES', 19.80, 'Bala butter toffees 500g', 'buttertoffees.png', 'balatoffe.png', 'tabela bala butter toffees.png', ' 500g toffees', 'Bala Butter Toffees Chocolate 500g 1 PT Arcor', ' Todas as informações divulgadas são de responsabilidade do fabricante/fornecedor.', 'Imagens ilustrativas, as cores podem alterar conforme o seu monitor.', 'Produtos que compõem a foto não acompanha o produto, são de caráter ilustrativo.', 1),
	(26, 'BALA HORTELÃ', 9.80, 'Bala hortelã 600g', 'hortela.png', 'balahortela.png', 'tabela bala de hortelã.png', '600g ', 'Bala dura Santa Fe sabor hortelã!  Peso líquido: 600g', ' Todas as informações divulgadas são de responsabilidade do fabricante/fornecedor.', 'Imagens ilustrativas, as cores podem alterar conforme o seu monitor.', 'Produtos que compõem a foto não acompanha o produto, são de caráter ilustrativo.', 1),
	(27, 'BALA YOUGURTE', 9.90, 'Bala yougurte 600g', 'bala-yougurte.png', 'balayougut.png', 'tabela bala de iogurte.png', ' 600g com 120 unidades', 'BALA YOGURTE 100 DORI 600G, Bala mastigável tradicional com sabor de iogurte de morango. Ideal como sobremesa infantil, Guloseima ou para preencher sacolinhas de festa!', ' Todas as informações divulgadas são de responsabilidade do fabricante/fornecedor.', 'Imagens ilustrativas, as cores podem alterar conforme o seu monitor.', 'Produtos que compõem a foto não acompanha o produto, são de caráter ilustrativo.', 1),
	(28, 'PIRULITO CORAÇÃO', 9.80, 'Pirulito coração 400g', 'pirulitocoracao.png', 'pirulito-coração.png', 'tabela pirulito coração.png', '200g, sabor morango', 'Pirulito Flopito Coração Baby_x000D_Sabor: Morango 200g_x000D_Pirulitos para alegria das crianças, ideal para saquinhos surpresa, lembrancinhas, mesa de guloseimas, decoração.', ' Todas as informações divulgadas são de responsabilidade do fabricante/fornecedor.', 'Imagens ilustrativas, as cores podem alterar conforme o seu monitor.', 'Produtos que compõem a foto não acompanha o produto, são de caráter ilustrativo.', 1),
	(29, 'PIRULITO POP KISS ROXO', 11.90, 'Pirulito pop kiss roxo 500g', 'pirulitoroxokiss.png', 'pirulitokissroxo.png', 'tabela pirulito pop kiss roxo.png', '30 unidades 500g', 'PIRULITO POP KISS ROXO BOAVISTENSE 500G, Deliciosos pirulitos Pop Kiss sabor maracujá em formato de beijo! ', ' Todas as informações divulgadas são de responsabilidade do fabricante/fornecedor.', 'Imagens ilustrativas, as cores podem alterar conforme o seu monitor.', 'Produtos que compõem a foto não acompanha o produto, são de caráter ilustrativo.', 1),
	(30, 'PIRULITO POP KISS VERMELHO', 11.90, 'Pirulito pop kiss vermelho 500g', 'pirulitovermelhokiss.png', 'pirulitokissmorango.png', 'tabela pop kiss vermelho.png', '30 unidades 500g', 'PIRULITO POP KISS VERMELHO BOAVISTENSE 500G, Deliciosos pirulitos Pop Kiss sabor maracujá em formato de beijo! ', ' Todas as informações divulgadas são de responsabilidade do fabricante/fornecedor.', 'Imagens ilustrativas, as cores podem alterar conforme o seu monitor.', 'Produtos que compõem a foto não acompanha o produto, são de caráter ilustrativo.', 1),
	(32, 'MARSHMALLOW FINI TORÇÃO', 9.90, 'Marshmallow fini torção original 80g', 'marshmallow.jpg', 'Marsh_Torcao_2.png', 'tabela marshmallow fini torção.png', '20 unidades 80g', 'Marsh. Torção Fini, macios e saborosos, possuem formato torcido. No pacote contém Marsh. Torção nas cores rosa, azul, amarelo e branco, com sabor de baunilha. Pacote com 80g de produto, ideal para deixar o dia mais doce.', ' Todas as informações divulgadas são de responsabilidade do fabricante/fornecedor.', 'Imagens ilustrativas, as cores podem alterar conforme o seu monitor.', 'Produtos que compõem a foto não acompanha o produto, são de caráter ilustrativo.', 1),
	(33, 'PAÇOQUITA PAÇOCA', 29.90, 'Caixa de paçoquita 50/u', 'paçoca.png', 'paçoquita.png', 'tabela paçoquita paçoca.png', '50 unidades 1kg', 'Ingredientes: amendoim torrado e moído, açúcar e sal. NÃO CONTÉM GLÚTEN. ALÉRGICOS: CONTÉM AMENDOIM.', ' Todas as informações divulgadas são de responsabilidade do fabricante/fornecedor.', 'Imagens ilustrativas, as cores podem alterar conforme o seu monitor.', 'Produtos que compõem a foto não acompanha o produto, são de caráter ilustrativo.', 2),
	(34, 'BALA DE FRAMBOESA GOOD SMILE', 10.90, 'Bala de framboesa good smile 80g', 'smile.jpg', 'goodsmile.png', 'tabela bala de framboesa good smile.png', '250g ', 'Ingredientes: açúcar, xarope de glucose, óleo de palma, acidulante ácido cítrico, emulsificantes mono e diglicerídeos de ácidos graxos e lecitina de soja, aromatizante e corante artificial vermelho 40. Não contém glúten. Alérgicos: contém derivado de soja', ' Todas as informações divulgadas são de responsabilidade do fabricante/fornecedor.', 'Imagens ilustrativas, as cores podem alterar conforme o seu monitor.', 'Produtos que compõem a foto não acompanha o produto, são de caráter ilustrativo.', 2),
	(35, 'BALA FRUTAS SORTIDAS', 7.80, 'Bala frutas sortidas - santa fé 500g', 'frutas sortidas.jpg', 'bala-futas.png', 'tabela de bala frutas sortidas.png', 'Aproximadamente 100 unidades 500g', 'Ingredientes: Açúcar, xarope de glicose, gordura vegetal hidrogenada, monoestearato de glicerina, acidulante ácido cítrico, emulsificante lecitina de soja, aromas artificiais de abacaxi, cereja, laranja, morango e uva, corantes artificiais amarelo tartraz', ' Todas as informações divulgadas são de responsabilidade do fabricante/fornecedor.', 'Imagens ilustrativas, as cores podem alterar conforme o seu monitor.', 'Produtos que compõem a foto não acompanha o produto, são de caráter ilustrativo.', 1),
	(36, 'PLUTONITA CABEÇA DE ABÓBORA', 9.50, 'Caixa plutonita cabeça de abóbora 40/u', 'plutonita roxa.jpg', 'plutonitaroxa.png', 'tabela plutonita cabeça de abóbora.png', '40 unidades 250g', 'ARCOR CHICLES PLUTONITA CABECA DE ABOBORA 180G', ' Todas as informações divulgadas são de responsabilidade do fabricante/fornecedor.', 'Imagens ilustrativas, as cores podem alterar conforme o seu monitor.', 'Produtos que compõem a foto não acompanha o produto, são de caráter ilustrativo.', 1),
	(37, 'PLUTONITA ABRAÇO CONGELANTE', 9.50, 'Caixa plutonita abraço congelante 40/u', 'plutonita azul.jpg', 'plutonitaazul.png', 'tabela plutonita abraço congelante.png', '40 unidades 250g', 'ARCOR CHICLES PLUTONITA ABRACO CONGELANTE 40UN', ' Todas as informações divulgadas são de responsabilidade do fabricante/fornecedor.', 'Imagens ilustrativas, as cores podem alterar conforme o seu monitor.', 'Produtos que compõem a foto não acompanha o produto, são de caráter ilustrativo.', 1),
	(38, 'POOSH DE MORANGO', 9.50, 'Caixa de poosh de morango 200g', 'Poosh2.jpg', 'poosh1.png', 'tabela poosh de morango.png', '30 unidades 200g', 'CHICLES POOSH MORANGO ARCOR 200GR', ' Todas as informações divulgadas são de responsabilidade do fabricante/fornecedor.', 'Imagens ilustrativas, as cores podem alterar conforme o seu monitor.', 'Produtos que compõem a foto não acompanha o produto, são de caráter ilustrativo.', 1),
	(39, 'CHICLETE BUZZY HORTELÃ', 7.00, 'Caixa de chiclete buzzy de hortelã 400g', 'buzzy1.jpg', 'chicletebuzzy.png', 'tabela chiclete buzzy de hortelã.png', '100 unidades 360g', 'Ingredientes: AÇÚCAR, XAROPE DE GLUCOSE, GOMA BASE, ÓLEO DE MILHO, AROMATIZANTE, UMECTANTE GLICERINA, ESTABILIZANTE LECITINA DE SOJA E CORANTES ARTIFICIAIS TARTRAZINA E AZUL BRILHANTE FCF. NÃO CONTÉM GLÚTEN.', ' Todas as informações divulgadas são de responsabilidade do fabricante/fornecedor.', 'Imagens ilustrativas, as cores podem alterar conforme o seu monitor.', 'Produtos que compõem a foto não acompanha o produto, são de caráter ilustrativo.', 1),
	(40, 'BALA DE GOMA', 18.90, 'Caixa de bala de goma gomets frutas 30/u', 'bala de goma.jpg', 'bala-goma.png', 'tabela bala de goma.png', '30 unidades de 32g cada', 'A Bala Gomets Dori é ideal para compor a cesta de chocolates e guloseimas de seus filhos, possuindo sabor sortido e balas de goma reunidas em 30 pacotinhos, com sabores de frutas inconfundíveis! Possui no pacote sabores sortidos.', ' Todas as informações divulgadas são de responsabilidade do fabricante/fornecedor.', 'Imagens ilustrativas, as cores podem alterar conforme o seu monitor.', 'Produtos que compõem a foto não acompanha o produto, são de caráter ilustrativo.', 1),
	(41, 'CHICLETE BUBBALOO', 13.90, 'Caixa de chiclete morango 60/u', 'bubbaloo.png', 'BUBBALOO1.png', 'tabela chiclete bubbaloo.png', '60 unidades 300g', 'A Bala Gomets Dori é ideal para compor a cesta de chocolates e guloseimas de seus filhos, possuindo sabor sortido e balas de goma reunidas em 30 pacotinhos, com sabores de frutas inconfundíveis! Possui no pacote sabores sortidos.', ' Todas as informações divulgadas são de responsabilidade do fabricante/fornecedor.', 'Imagens ilustrativas, as cores podem alterar conforme o seu monitor.', 'Produtos que compõem a foto não acompanha o produto, são de caráter ilustrativo.', 1);

-- Copiando estrutura para tabela login.embalagens
CREATE TABLE IF NOT EXISTS `embalagens` (
  `ID` int(11) NOT NULL,
  `nomes` varchar(255) DEFAULT NULL,
  `preco` decimal(10,2) DEFAULT NULL,
  `descricao` varchar(255) DEFAULT NULL,
  `img` varchar(255) DEFAULT NULL,
  `img3` varchar(255) DEFAULT NULL,
  `Contem` varchar(255) DEFAULT NULL,
  `descricaogeral` varchar(255) DEFAULT NULL,
  `observacao` varchar(255) DEFAULT NULL,
  `observacao2` varchar(255) DEFAULT NULL,
  `observacao3` varchar(255) DEFAULT NULL,
  `categorias` int(11) DEFAULT NULL,
  PRIMARY KEY (`ID`),
  KEY `FK_embalagens_categorias` (`categorias`),
  CONSTRAINT `FK_embalagens_categorias` FOREIGN KEY (`categorias`) REFERENCES `categorias` (`id`) ON DELETE NO ACTION ON UPDATE NO ACTION
) ENGINE=InnoDB DEFAULT CHARSET=utf8mb4 COLLATE=utf8mb4_general_ci;

-- Copiando dados para a tabela login.embalagens: ~35 rows (aproximadamente)
INSERT INTO `embalagens` (`ID`, `nomes`, `preco`, `descricao`, `img`, `img3`, `Contem`, `descricaogeral`, `observacao`, `observacao2`, `observacao3`, `categorias`) VALUES
	(1, 'MARMITEX P', 27.00, 'Saco de Marmitex P com 100/u', 'marmitexP.png', 'marmitexp.png', 'Pacote com 100 unidades.', 'A Marmitex de isopor é ótima para o atendimento em bares, restaurantes e atendimento Delivery. Armazena o alimento com qualidade e\r\nmantém a temperatura evitando insatisfação dos clientes.\r\n\r\n', 'Todas as informações divulgadas são de responsabilidade do fabricante/fornecedor.', 'Imagens ilustrativas, as cores podem alterar conforme o seu monitor.', 'Produtos que compõem a foto não acompanha o produto, são de caráter ilustrativo.', 5),
	(2, 'MARMITEX M ', 30.00, 'Saco de Marmitex M com 100/u', 'marmitexM.png', 'marmitexp.png', 'Pacote com 100 unidades.', 'A Marmitex de isopor é ótima para o atendimento em bares, restaurantes e atendimento Delivery. Armazena o alimento com qualidade e\r\nmantém a temperatura evitando insatisfação dos clientes.\r\n\r\n', 'Todas as informações divulgadas são de responsabilidade do fabricante/fornecedor.', 'Imagens ilustrativas, as cores podem alterar conforme o seu monitor.', 'Produtos que compõem a foto não acompanha o produto, são de caráter ilustrativo.', 5),
	(3, 'MARMITEX G ', 35.00, 'Saco de Marmitex G com 100/u', 'marmitexG.png', 'marmitexp.png', 'Pacote com 100 unidades.', 'A Marmitex de isopor é ótima para o atendimento em bares, restaurantes e atendimento Delivery. Armazena o alimento com qualidade e\r\nmantém a temperatura evitando insatisfação dos clientes.\r\n\r\n', 'Todas as informações divulgadas são de responsabilidade do fabricante/fornecedor.', 'Imagens ilustrativas, as cores podem alterar conforme o seu monitor.', 'Produtos que compõem a foto não acompanha o produto, são de caráter ilustrativo.', 5),
	(4, 'CAIXA DE BOLO P', 4.00, 'Caixa de bolo P para bandejas N4', 'caixasdebolo.png', 'caixasdeboloP.png', 'Altura: 12 cm\r\nComprimento: 50 cm\r\nLargura: 40cm', NULL, 'Todas as informações divulgadas são de responsabilidade do fabricante/fornecedor.', 'Imagens ilustrativas, as cores podem alterar conforme o seu monitor.', 'Produtos que compõem a foto não acompanha o produto, são de caráter ilustrativo.', 5),
	(5, 'CAIXA DE BOLO M', 5.00, 'Caixa de bolo M para bandejas N5 e N6', 'caixasdebolo.png', 'caixasdeboloP.png', 'Altura: 12 cm\r\nComprimento: 50 cm\r\nLargura: 40cm', NULL, 'Todas as informações divulgadas são de responsabilidade do fabricante/fornecedor.', 'Imagens ilustrativas, as cores podem alterar conforme o seu monitor.', 'Produtos que compõem a foto não acompanha o produto, são de caráter ilustrativo.', 5),
	(6, 'CAIXA DE BOLO G', 7.00, 'Caixa de bolo G para bandejas N7 e N8', 'caixasdebolo.png', 'caixasdeboloP.png', 'Altura: 12 cm\r\nComprimento: 50 cm\r\nLargura: 40cm', NULL, 'Todas as informações divulgadas são de responsabilidade do fabricante/fornecedor.', 'Imagens ilustrativas, as cores podem alterar conforme o seu monitor.', 'Produtos que compõem a foto não acompanha o produto, são de caráter ilustrativo.', 5),
	(7, 'POTE 250ML', 11.00, 'Pote com tampa e 250ml com 24/u', 'potinho250.png', 'potinho.png', '24 unidades por embalagem', NULL, 'Todas as informações divulgadas são de responsabilidade do fabricante/fornecedor.', 'Imagens ilustrativas, as cores podem alterar conforme o seu monitor.', 'Produtos que compõem a foto não acompanha o produto, são de caráter ilustrativo.', 7),
	(8, 'POTE 500ML', 14.00, 'Pote com tampa e 500ml com 24/u', 'potinho500.png', 'potinho.png', '24 unidades por embalagem', NULL, 'Todas as informações divulgadas são de responsabilidade do fabricante/fornecedor.', 'Imagens ilustrativas, as cores podem alterar conforme o seu monitor.', 'Produtos que compõem a foto não acompanha o produto, são de caráter ilustrativo.', 7),
	(9, 'POTE 1L', 18.00, 'Pote com tampa e 1000ml com 24/u', 'potinho;1000.png', 'potinho.png', '24 unidades por embalagem', NULL, 'Todas as informações divulgadas são de responsabilidade do fabricante/fornecedor.', 'Imagens ilustrativas, as cores podem alterar conforme o seu monitor.', 'Produtos que compõem a foto não acompanha o produto, são de caráter ilustrativo.', 7),
	(10, 'COPO 180ML', 5.90, 'Copo totalplast 180ml 100/u', 'copo180ml.png', 'copo180.png', '100 unidades por embalagem', NULL, 'Todas as informações divulgadas são de responsabilidade do fabricante/fornecedor.', 'Imagens ilustrativas, as cores podem alterar conforme o seu monitor.', 'Produtos que compõem a foto não acompanha o produto, são de caráter ilustrativo.', 7),
	(11, 'COPO 300ML', 11.90, 'Copo Copaza 300ml 100/u', 'copo300ml.png', 'copaze.png', '100 unidades por embalagem', NULL, 'Todas as informações divulgadas são de responsabilidade do fabricante/fornecedor.', 'Imagens ilustrativas, as cores podem alterar conforme o seu monitor.', 'Produtos que compõem a foto não acompanha o produto, são de caráter ilustrativo.', 7),
	(12, 'COPO 400ML', 12.50, 'Copo Copaza 400ml 100/u', 'copo400ml.png', 'copaze.png', '100 unidades por embalagem', NULL, 'Todas as informações divulgadas são de responsabilidade do fabricante/fornecedor.', 'Imagens ilustrativas, as cores podem alterar conforme o seu monitor.', 'Produtos que compõem a foto não acompanha o produto, são de caráter ilustrativo.', 7),
	(13, 'COPO 500ML', 16.80, 'Copo Copaza 500ml 100/u', 'copo500ml.png', 'copaze.png', '100 unidades por embalagem', NULL, 'Todas as informações divulgadas são de responsabilidade do fabricante/fornecedor.', 'Imagens ilustrativas, as cores podem alterar conforme o seu monitor.', 'Produtos que compõem a foto não acompanha o produto, são de caráter ilustrativo.', 7),
	(14, 'COPO 700ML', 18.90, 'Copo Copaza 700ml 100/u', 'copo700ml.png', 'copaze.png', '100 unidades por embalagem', NULL, 'Todas as informações divulgadas são de responsabilidade do fabricante/fornecedor.', 'Imagens ilustrativas, as cores podem alterar conforme o seu monitor.', 'Produtos que compõem a foto não acompanha o produto, são de caráter ilustrativo.', 7),
	(15, 'GARFO PARA REFEIÇÃO ELITE', 8.90, 'Garfo para refeição Elite 50/u', 'garfo.png', 'garfo1.png', '50 unidades por embalagem', NULL, 'Todas as informações divulgadas são de responsabilidade do fabricante/fornecedor.', 'Imagens ilustrativas, as cores podem alterar conforme o seu monitor.', 'Produtos que compõem a foto não acompanha o produto, são de caráter ilustrativo.', 7),
	(16, 'FACA PARA ALIMENTO', 8.90, 'Faca descartavel Elite 50/u', 'faca.png', 'faca1.png', '50 unidades por embalagem', NULL, 'Todas as informações divulgadas são de responsabilidade do fabricante/fornecedor.', 'Imagens ilustrativas, as cores podem alterar conforme o seu monitor.', 'Produtos que compõem a foto não acompanha o produto, são de caráter ilustrativo.', 7),
	(17, 'COLHER PARA ALIMENTO', 8.90, 'Colher descartavel Elite 50/u', 'coelher.png', 'coelher1.png', '50 unidades por embalagem', NULL, 'Todas as informações divulgadas são de responsabilidade do fabricante/fornecedor.', 'Imagens ilustrativas, as cores podem alterar conforme o seu monitor.', 'Produtos que compõem a foto não acompanha o produto, são de caráter ilustrativo.', 7),
	(18, 'HUMBURGUEIRA H1', 2.00, 'Humburgueira h1 10/u', 'humburgueirah1.png', 'humburgueirah11.png', '10 unidades por embalagem', NULL, 'Todas as informações divulgadas são de responsabilidade do fabricante/fornecedor.', 'Imagens ilustrativas, as cores podem alterar conforme o seu monitor.', 'Produtos que compõem a foto não acompanha o produto, são de caráter ilustrativo.', 5),
	(19, 'HUMBURGUEIRA H2', 2.75, 'Humburgueira h2 10/u', 'humburgueirah2.png', 'humburgueirah11.png', '10 unidades por embalagem', NULL, 'Todas as informações divulgadas são de responsabilidade do fabricante/fornecedor.', 'Imagens ilustrativas, as cores podem alterar conforme o seu monitor.', 'Produtos que compõem a foto não acompanha o produto, são de caráter ilustrativo.', 5),
	(20, 'HUMBURGUEIRA H3', 3.75, 'Humburgueira h3 10/u', 'humburgueirah3.png', 'humburgueirah11.png', '10 unidades por embalagem', NULL, 'Todas as informações divulgadas são de responsabilidade do fabricante/fornecedor.', 'Imagens ilustrativas, as cores podem alterar conforme o seu monitor.', 'Produtos que compõem a foto não acompanha o produto, são de caráter ilustrativo.', 5),
	(21, 'HUMBURGUEIRA H4', 4.00, 'Humburgueira h4 10/u', 'humburgueirah4.png', 'humburgueirah11.png', '10 unidades por embalagem', NULL, 'Todas as informações divulgadas são de responsabilidade do fabricante/fornecedor.', 'Imagens ilustrativas, as cores podem alterar conforme o seu monitor.', 'Produtos que compõem a foto não acompanha o produto, são de caráter ilustrativo.', 5),
	(22, 'BANDEIJA B1', 0.70, 'bandeija b1 10/u', 'bandeijab1.png', 'bandeijab 1.png', '10 unidades', NULL, 'Todas as informações divulgadas são de responsabilidade do fabricante/fornecedor.', 'Imagens ilustrativas, as cores podem alterar conforme o seu monitor.', 'Produtos que compõem a foto não acompanha o produto, são de caráter ilustrativo.', 4),
	(23, 'BANDEIJA B2', 1.20, 'bandeija b2 10/u', 'bandeijab2.png', 'bandeijab 2.png', '10 unidades', NULL, 'Todas as informações divulgadas são de responsabilidade do fabricante/fornecedor.', 'Imagens ilustrativas, as cores podem alterar conforme o seu monitor.', 'Produtos que compõem a foto não acompanha o produto, são de caráter ilustrativo.', 4),
	(24, 'BANDEIJA B3', 1.75, 'bandeija b3 10/u', 'bandeijab3.png', 'bandeijab 3.png', '10 unidades', NULL, 'Todas as informações divulgadas são de responsabilidade do fabricante/fornecedor.', 'Imagens ilustrativas, as cores podem alterar conforme o seu monitor.', 'Produtos que compõem a foto não acompanha o produto, são de caráter ilustrativo.', 4),
	(25, 'BANDEIJA B4', 2.75, 'bandeija b4 10/u', 'bandeijab4.png', 'bandeijab 4.png', '10 unidades', NULL, 'Todas as informações divulgadas são de responsabilidade do fabricante/fornecedor.', 'Imagens ilustrativas, as cores podem alterar conforme o seu monitor.', 'Produtos que compõem a foto não acompanha o produto, são de caráter ilustrativo.', 4),
	(26, 'BANDEIJA B5', 4.00, 'bandeija b5 10/u', 'bandeijab5.jpg', 'bandeijab 5.jpg', '10 unidades', NULL, 'Todas as informações divulgadas são de responsabilidade do fabricante/fornecedor.', 'Imagens ilustrativas, as cores podem alterar conforme o seu monitor.', 'Produtos que compõem a foto não acompanha o produto, são de caráter ilustrativo.', 4),
	(27, 'BANDEIJA B6', 4.50, 'bandeija b6 10/u', 'bandeijab6.jpg', 'bandeijab 6.jpg', '10 unidades', NULL, 'Todas as informações divulgadas são de responsabilidade do fabricante/fornecedor.', 'Imagens ilustrativas, as cores podem alterar conforme o seu monitor.', 'Produtos que compõem a foto não acompanha o produto, são de caráter ilustrativo.', 4),
	(28, 'BANDEIJA LAMI N3', 1.20, 'bandeija n3 1/u', 'bandeijalami3.jpg', NULL, '1 unidades', NULL, 'Todas as informações divulgadas são de responsabilidade do fabricante/fornecedor.', 'Imagens ilustrativas, as cores podem alterar conforme o seu monitor.', 'Produtos que compõem a foto não acompanha o produto, são de caráter ilustrativo.', 6),
	(29, 'BANDEIJA LAMI N4', 2.70, 'bandeija n4 1/u', 'bandeijalami4.jpg', NULL, '1 unidades', NULL, 'Todas as informações divulgadas são de responsabilidade do fabricante/fornecedor.', 'Imagens ilustrativas, as cores podem alterar conforme o seu monitor.', 'Produtos que compõem a foto não acompanha o produto, são de caráter ilustrativo.', 6),
	(30, 'BANDEIJA LAMI N5', 3.40, 'bandeija n5 1/u', 'bandeijalami5.jpg', NULL, '1 unidades', NULL, 'Todas as informações divulgadas são de responsabilidade do fabricante/fornecedor.', 'Imagens ilustrativas, as cores podem alterar conforme o seu monitor.', 'Produtos que compõem a foto não acompanha o produto, são de caráter ilustrativo.', 6),
	(31, 'BANDEIJA LAMI N6 ', 4.40, 'bandeija n6 1/u', 'bandeijalami6.jpg', NULL, '1 unidades', NULL, 'Todas as informações divulgadas são de responsabilidade do fabricante/fornecedor.', 'Imagens ilustrativas, as cores podem alterar conforme o seu monitor.', 'Produtos que compõem a foto não acompanha o produto, são de caráter ilustrativo.', 6),
	(32, 'BANDEIJA LAMI N7', 5.00, 'bandeija n7 1/u', 'bandeijalami7.jpg', NULL, '1 unidades', NULL, 'Todas as informações divulgadas são de responsabilidade do fabricante/fornecedor.', 'Imagens ilustrativas, as cores podem alterar conforme o seu monitor.', 'Produtos que compõem a foto não acompanha o produto, são de caráter ilustrativo.', 6),
	(33, 'PRATO ISOPOR 21CM', 0.70, 'prato isopor 21cm 25/u', 'pratoiso21cm.jpg', NULL, '1 unidades', NULL, 'Todas as informações divulgadas são de responsabilidade do fabricante/fornecedor.', 'Imagens ilustrativas, as cores podem alterar conforme o seu monitor.', 'Produtos que compõem a foto não acompanha o produto, são de caráter ilustrativo.', 4),
	(34, 'PRATO ISOPOR 25CM', 1.20, 'prato isopor 25cm 25/u', 'pratoiso25cm.jpg', NULL, '1 unidades', NULL, 'Todas as informações divulgadas são de responsabilidade do fabricante/fornecedor.', 'Imagens ilustrativas, as cores podem alterar conforme o seu monitor.', 'Produtos que compõem a foto não acompanha o produto, são de caráter ilustrativo.', 4),
	(35, 'PRATO ISOPOR 28CM', 1.70, 'prato isopor 28cm 25/u', 'pratoiso28cm.jpg', NULL, '1 unidades', NULL, 'Todas as informações divulgadas são de responsabilidade do fabricante/fornecedor.', 'Imagens ilustrativas, as cores podem alterar conforme o seu monitor.', 'Produtos que compõem a foto não acompanha o produto, são de caráter ilustrativo.', 4);

-- Copiando estrutura para tabela login.festa
CREATE TABLE IF NOT EXISTS `festa` (
  `ID` int(11) NOT NULL,
  `nomes` varchar(255) DEFAULT NULL,
  `preco` decimal(10,2) DEFAULT NULL,
  `descricao` varchar(255) DEFAULT NULL,
  `img` varchar(255) DEFAULT NULL,
  `img3` varchar(255) DEFAULT NULL,
  `Contem` varchar(255) DEFAULT NULL,
  `descricaogeral` varchar(255) DEFAULT NULL,
  `observacao` varchar(255) DEFAULT NULL,
  `observacao2` varchar(255) DEFAULT NULL,
  `observacao3` varchar(255) DEFAULT NULL,
  `categorias` int(11) DEFAULT NULL,
  PRIMARY KEY (`ID`),
  KEY `FK_festa_categorias` (`categorias`),
  CONSTRAINT `FK_festa_categorias` FOREIGN KEY (`categorias`) REFERENCES `categorias` (`id`) ON DELETE NO ACTION ON UPDATE NO ACTION
) ENGINE=InnoDB DEFAULT CHARSET=utf8mb4 COLLATE=utf8mb4_general_ci;

-- Copiando dados para a tabela login.festa: ~21 rows (aproximadamente)
INSERT INTO `festa` (`ID`, `nomes`, `preco`, `descricao`, `img`, `img3`, `Contem`, `descricaogeral`, `observacao`, `observacao2`, `observacao3`, `categorias`) VALUES
	(1, 'BALÃO ROXO', 10.90, 'Balão roxo', 'balaoroxo.png', 'balaoroxo2.png', '50 unidades ', NULL, 'Todas as informações divulgadas são de responsabilidade do fabricante/fornecedor.', 'Imagens ilustrativas, as cores podem alterar conforme o seu monitor.', 'Produtos que compõem a foto não acompanha o produto, são de caráter ilustrativo.', 8),
	(2, 'BALÃO COLORIDO', 10.90, 'Saco balão colorido FestBall com 50/u', 'balaocolorido.png', 'balaocolorido2.png', '50 unidades ', NULL, 'Todas as informações divulgadas são de responsabilidade do fabricante/fornecedor.', 'Imagens ilustrativas, as cores podem alterar conforme o seu monitor.', 'Produtos que compõem a foto não acompanha o produto, são de caráter ilustrativo.', 8),
	(3, 'BALÃO AZUL', 10.90, 'Saco balão azul FestBall com 50/u', 'balaoazul.png', 'balaoazul2.png', '50 unidades ', NULL, 'Todas as informações divulgadas são de responsabilidade do fabricante/fornecedor.', 'Imagens ilustrativas, as cores podem alterar conforme o seu monitor.', 'Produtos que compõem a foto não acompanha o produto, são de caráter ilustrativo.', 8),
	(4, 'VELA DOURADA', 3.50, 'Vela Número 1 Curifest dourada', 'numero1dourado.png', 'numero1dourado2.png', '1 unidades', NULL, 'Todas as informações divulgadas são de responsabilidade do fabricante/fornecedor.', 'Imagens ilustrativas, as cores podem alterar conforme o seu monitor.', 'Produtos que compõem a foto não acompanha o produto, são de caráter ilustrativo.', 9),
	(5, 'VELA ROSA', 2.90, 'Vela Número 2 Curifest rosa', 'velarosa2.png', 'numero2rosa2.png', '1 unidades', NULL, 'Todas as informações divulgadas são de responsabilidade do fabricante/fornecedor.', 'Imagens ilustrativas, as cores podem alterar conforme o seu monitor.', 'Produtos que compõem a foto não acompanha o produto, são de caráter ilustrativo.', 9),
	(6, 'VELA BRANCA', 2.00, 'Vela Número 3 Curifest branca', 'velabranca3.png', 'numero3branca2.png', '1 unidades', NULL, 'Todas as informações divulgadas são de responsabilidade do fabricante/fornecedor.', 'Imagens ilustrativas, as cores podem alterar conforme o seu monitor.', 'Produtos que compõem a foto não acompanha o produto, são de caráter ilustrativo.', 9),
	(7, 'BALÃO DOURADO Nº1', 4.80, 'Balão Númerico 1 Dourado 40cm', 'balaodourado1.png', 'balaonumero.png', '1 unidades', NULL, 'Todas as informações divulgadas são de responsabilidade do fabricante/fornecedor.', 'Imagens ilustrativas, as cores podem alterar conforme o seu monitor.', 'Produtos que compõem a foto não acompanha o produto, são de caráter ilustrativo.', 8),
	(8, 'BALÃO DOURADO Nº2', 4.80, 'Balão Númerico 2 Dourado 40cm', 'balaodourado2.png', 'balaonumero.png', '1 unidades', NULL, 'Todas as informações divulgadas são de responsabilidade do fabricante/fornecedor.', 'Imagens ilustrativas, as cores podem alterar conforme o seu monitor.', 'Produtos que compõem a foto não acompanha o produto, são de caráter ilustrativo.', 8),
	(9, 'BALÃO DOURADO Nº3', 4.80, 'Balão Númerico 3 Dourado 40cm', 'balaodourado3.png', 'balaonumero.png', '1 unidades', NULL, 'Todas as informações divulgadas são de responsabilidade do fabricante/fornecedor.', 'Imagens ilustrativas, as cores podem alterar conforme o seu monitor.', 'Produtos que compõem a foto não acompanha o produto, são de caráter ilustrativo.', 8),
	(10, 'BALÃO CORAÇÃO', 3.90, 'Balão de Coração Vermelho 40cm', 'balaocoracao.png', 'balaocoracao2.png', '1 unidades', NULL, 'Todas as informações divulgadas são de responsabilidade do fabricante/fornecedor.', 'Imagens ilustrativas, as cores podem alterar conforme o seu monitor.', 'Produtos que compõem a foto não acompanha o produto, são de caráter ilustrativo.', 8),
	(11, 'BALÃO ESTRELA', 3.90, 'Balão de Estrela Bronze 40cm', 'balaoestrela.png', 'balaoestrela2.png', '1 unidades', NULL, 'Todas as informações divulgadas são de responsabilidade do fabricante/fornecedor.', 'Imagens ilustrativas, as cores podem alterar conforme o seu monitor.', 'Produtos que compõem a foto não acompanha o produto, são de caráter ilustrativo.', 8),
	(12, 'VELA AZUL', 3.50, 'Vela de Aniversário azul com 20/u', 'velaniver.png', 'velapalitoazul.png', '10 unidades', NULL, 'Todas as informações divulgadas são de responsabilidade do fabricante/fornecedor.', 'Imagens ilustrativas, as cores podem alterar conforme o seu monitor.', 'Produtos que compõem a foto não acompanha o produto, são de caráter ilustrativo.', 9),
	(13, 'VELA ROSA', 3.00, 'Vela de Aniversário rosa  com 20/u', 'velarosa.png', 'velarosapalito.png', '10 unidades', NULL, 'Todas as informações divulgadas são de responsabilidade do fabricante/fornecedor.', 'Imagens ilustrativas, as cores podem alterar conforme o seu monitor.', 'Produtos que compõem a foto não acompanha o produto, são de caráter ilustrativo.', 9),
	(14, 'VELA BRANCA', 3.00, 'Vela de Aniversário branca com 20/u', 'velabranca.png', 'velabrancapalito.png', '10 unidades', NULL, 'Todas as informações divulgadas são de responsabilidade do fabricante/fornecedor.', 'Imagens ilustrativas, as cores podem alterar conforme o seu monitor.', 'Produtos que compõem a foto não acompanha o produto, são de caráter ilustrativo.', 9),
	(15, 'BALAO VERDE', 10.90, 'Saco balão verde FestBall com 50/u', 'balão verde.png', 'balaoverde.png', '50 unidades ', NULL, 'Todas as informações divulgadas são de responsabilidade do fabricante/fornecedor.', 'Imagens ilustrativas, as cores podem alterar conforme o seu monitor.', 'Produtos que compõem a foto não acompanha o produto, são de caráter ilustrativo.', 8),
	(16, 'BALAO PRETO', 10.90, 'Saco balão preto FestBall com 50/u', 'balaopreto.png', 'balaopreto2.png', '50 unidades ', NULL, 'Todas as informações divulgadas são de responsabilidade do fabricante/fornecedor.', 'Imagens ilustrativas, as cores podem alterar conforme o seu monitor.', 'Produtos que compõem a foto não acompanha o produto, são de caráter ilustrativo.', 8),
	(17, 'BALAO PRATA METALIZADO', 10.90, 'Saco balão prata FestBall com 25/u', 'balaoprata.png', 'balaoprata2.png', '25 unidades ', NULL, 'Todas as informações divulgadas são de responsabilidade do fabricante/fornecedor.', 'Imagens ilustrativas, as cores podem alterar conforme o seu monitor.', 'Produtos que compõem a foto não acompanha o produto, são de caráter ilustrativo.', 8),
	(18, 'BALAO ROSA', 10.90, 'Saco balão rosa FestBall com 50/u', 'balaorosa.png', 'balaorosa2.png', '50 unidades ', NULL, 'Todas as informações divulgadas são de responsabilidade do fabricante/fornecedor.', 'Imagens ilustrativas, as cores podem alterar conforme o seu monitor.', 'Produtos que compõem a foto não acompanha o produto, são de caráter ilustrativo.', 8),
	(19, 'BALAO LARANJA', 10.90, 'Saco balão laranja FestBall com 50/u', 'balaolaranja1.png', 'balaolaranja2.png', '50 unidades ', NULL, 'Todas as informações divulgadas são de responsabilidade do fabricante/fornecedor.', 'Imagens ilustrativas, as cores podem alterar conforme o seu monitor.', 'Produtos que compõem a foto não acompanha o produto, são de caráter ilustrativo.', 8),
	(20, 'PRATINHO PARA BOLO', 11.50, 'Pratinho de plastico Festa Facil com 10/u', 'pratinho.png', 'pratinho2.png', '10 unidades', NULL, 'Todas as informações divulgadas são de responsabilidade do fabricante/fornecedor.', 'Imagens ilustrativas, as cores podem alterar conforme o seu monitor.', 'Produtos que compõem a foto não acompanha o produto, são de caráter ilustrativo.', 10),
	(21, 'GARFINHO PARA BOLO', 5.00, 'Garfinho de plastico PraFesta com 50/u', 'garfinho.png', 'garfo1.png', '50 unidades', NULL, 'Todas as informações divulgadas são de responsabilidade do fabricante/fornecedor.', 'Imagens ilustrativas, as cores podem alterar conforme o seu monitor.', 'Produtos que compõem a foto não acompanha o produto, são de caráter ilustrativo.', 10);

-- Copiando estrutura para tabela login.natal
CREATE TABLE IF NOT EXISTS `natal` (
  `ID` int(11) NOT NULL AUTO_INCREMENT,
  `nome` varchar(255) DEFAULT NULL,
  `preco` decimal(10,2) DEFAULT NULL,
  `descricao` varchar(255) DEFAULT NULL,
  `img` varchar(255) DEFAULT NULL,
  `img3` varchar(255) DEFAULT NULL,
  `Contem` varchar(255) DEFAULT NULL,
  `descricaogeral` varchar(255) DEFAULT NULL,
  `observacao` varchar(255) DEFAULT NULL,
  `observacao2` varchar(255) DEFAULT NULL,
  `observacao3` varchar(255) DEFAULT NULL,
  `categorias` int(11) DEFAULT NULL,
  PRIMARY KEY (`ID`),
  KEY `FK_natal_categorias` (`categorias`),
  CONSTRAINT `FK_natal_categorias` FOREIGN KEY (`categorias`) REFERENCES `categorias` (`id`) ON DELETE NO ACTION ON UPDATE NO ACTION
) ENGINE=InnoDB AUTO_INCREMENT=25 DEFAULT CHARSET=utf8mb4 COLLATE=utf8mb4_general_ci;

-- Copiando dados para a tabela login.natal: ~24 rows (aproximadamente)
INSERT INTO `natal` (`ID`, `nome`, `preco`, `descricao`, `img`, `img3`, `Contem`, `descricaogeral`, `observacao`, `observacao2`, `observacao3`, `categorias`) VALUES
	(1, 'Chantily Norcal', 19.00, 'Produto para confeitaria, um dos melhores do mercado', 'chantilynorcal.png', 'chantilynorcal22.png', '1L de chantly', 'Água, gordura vegetal hidrogenada, açúcar e sal, estabilizantes: sorbitol (INS 420), carboximetilcelulose sódica (INS 466), hidroxipropilmetilcelulose (INS 464), citrato de sódio (INS 331iii), goma guar (INS 412)', 'Todas as informações divulgadas são de responsabilidade do fabricante/fornecedor.', 'Imagens ilustrativas, as cores podem alterar conforme o seu monitor.', 'Produtos que compõem a foto não acompanha o produto, são de caráter ilustrativo.', 11),
	(2, 'Embalagem G34', 6.90, 'Focando em períodos do ano, a Embalagem para Colomba Pascoal é a melhor para o confeiteiro', 'embalagem G34.png', 'embalagemG34.png', '1 unidade com 2L', 'açúcar, gordura vegetal, cacau em pó, emulsificantes: lecitina de soja e ésteres de ácido ricinoléico interesterificado com poliglicerol e aromatizante. ALÉRGICOS: CONTÉM DERIVADOS DE SOJA. PODE CONTER LEITE. CONTÉM LACTOSE. NÃO CONTÉM GLÚTEN.', 'Todas as informações divulgadas são de responsabilidade do fabricante/fornecedor.', 'Imagens ilustrativas, as cores podem alterar conforme o seu monitor.', 'Produtos que compõem a foto não acompanha o produto, são de caráter ilustrativo.', 12),
	(3, 'Barra de Chocolate ', 24.29, 'Barra de Chocolate Harald para confeitaria.', 'barradechocolate.png', 'barradechocolate2.png', '1KL', 'açúcar, gordura vegetal, cacau em pó, emulsificantes: lecitina de soja e ésteres de ácido ricinoléico interesterificado com poliglicerol e aromatizante. ALÉRGICOS: CONTÉM DERIVADOS DE SOJA. PODE CONTER LEITE. CONTÉM LACTOSE. NÃO CONTÉM GLÚTEN.', 'Todas as informações divulgadas são de responsabilidade do fabricante/fornecedor.', 'Imagens ilustrativas, as cores podem alterar conforme o seu monitor.', 'Produtos que compõem a foto não acompanha o produto, são de caráter ilustrativo.', 13),
	(4, 'Barra de Chocolate branco', 24.29, 'Barra de Chocolate branco Harald para confeitaria.', 'barradechocolatebranco.png', 'barradechocolate2.png', '1KL', 'açúcar, gordura vegetal, cacau em pó, emulsificantes: lecitina de soja e ésteres de ácido ricinoléico interesterificado com poliglicerol e aromatizante. ALÉRGICOS: CONTÉM DERIVADOS DE SOJA. PODE CONTER LEITE. CONTÉM LACTOSE. NÃO CONTÉM GLÚTEN.', 'Todas as informações divulgadas são de responsabilidade do fabricante/fornecedor.', 'Imagens ilustrativas, as cores podem alterar conforme o seu monitor.', 'Produtos que compõem a foto não acompanha o produto, são de caráter ilustrativo.', 13),
	(5, 'Assadeira de aluminio 4/L', 6.00, 'A Assadeira Oval de Alumínio 4 Litros da marca Wyda ', 'assadeiraaluminio4litros.png', 'assadeiraaluminio4litros2.png', '4L', 'Assadeiras descartáveis em diversos tamanhos e formatos para o preparo de alimentos, como por exemplo, peças de carne, aves, peixes, empadas, bolos entre outros.', 'Todas as informações divulgadas são de responsabilidade do fabricante/fornecedor.', 'Imagens ilustrativas, as cores podem alterar conforme o seu monitor.', 'Produtos que compõem a foto não acompanha o produto, são de caráter ilustrativo.', 12),
	(6, 'Assadeira de aluminio 3/L', 5.20, 'A Assadeira Oval de Alumínio 3 Litros da marca Wyda ', 'assadeiraaluminio3itros.png', 'assadeiraaluminio4litros2.png', '3L', 'Assadeiras descartáveis em diversos tamanhos e formatos para o preparo de alimentos, como por exemplo, peças de carne, aves, peixes, empadas, bolos entre outros.', 'Todas as informações divulgadas são de responsabilidade do fabricante/fornecedor.', 'Imagens ilustrativas, as cores podem alterar conforme o seu monitor.', 'Produtos que compõem a foto não acompanha o produto, são de caráter ilustrativo.', 12),
	(7, 'Hiper pack H50', 2.00, 'A embalagem Hiperpack H50 Linha Confeitaria de 23,9cm de diâmetro é a mais recomendada para uma forma de aro/diâmetro 22cm', 'hiperH50.png', 'hiper2H50.png', '1 unidade', 'Sua função principal é armazenar bolos, doces e tortas. Profissionalizando sua produção. Fabricado com material pet de alta qualidade é resistente, higiênico e possui um ótimo acabamento estético. É bastante utilizado em confeitarias e lojas de bolo e a t', 'Todas as informações divulgadas são de responsabilidade do fabricante/fornecedor.', 'Imagens ilustrativas, as cores podem alterar conforme o seu monitor.', 'Produtos que compõem a foto não acompanha o produto, são de caráter ilustrativo.', 12),
	(8, 'Hiper pack H56', 3.00, 'A Embalagem para Bolos e Tortas Base Branca com Tampa Média H56 é muito utilizada para colocar bolos e tortas', 'hiperH56.png', 'hiperH562.png', '1 unidade 27,9cm e 9,5cm', 'Sua função principal é armazenar bolos, doces e tortas. Profissionalizando sua produção. Fabricado com material pet de alta qualidade é resistente, higiênico e possui um ótimo acabamento estético. É bastante utilizado em confeitarias e lojas de bolo e a t', 'Todas as informações divulgadas são de responsabilidade do fabricante/fornecedor.', 'Imagens ilustrativas, as cores podem alterar conforme o seu monitor.', 'Produtos que compõem a foto não acompanha o produto, são de caráter ilustrativo.', 12),
	(9, 'Hiper pack H60', 4.50, 'A FORMA TORTA H60 TORTA APR da Hiperpack é essencial para confeitar tortas grandes com precisão e qualidade.', 'hiperH60.png', 'hiperH602.png', '1 unidade 34,5cm e 13,3cm', 'Sua função principal é armazenar bolos, doces e tortas. Profissionalizando sua produção. Fabricado com material pet de alta qualidade é resistente, higiênico e possui um ótimo acabamento estético. É bastante utilizado em confeitarias e lojas de bolo e a t', 'Todas as informações divulgadas são de responsabilidade do fabricante/fornecedor.', 'Imagens ilustrativas, as cores podem alterar conforme o seu monitor.', 'Produtos que compõem a foto não acompanha o produto, são de caráter ilustrativo.', 12),
	(10, 'Hiper pack H70', 8.90, 'Embalagem para Bolos e Tortas Grande Retângular Base Branca - Hiperpack H70M  utilizada para colocar bolose e tortas', 'hiperH70.png', 'hiperH702.png', '1 unidade 35cm e 11cm', 'Sua função principal é armazenar bolos, doces e tortas. Profissionalizando sua produção. Fabricado com material pet de alta qualidade é resistente, higiênico e possui um ótimo acabamento estético. É bastante utilizado em confeitarias e lojas de bolo e a t', 'Todas as informações divulgadas são de responsabilidade do fabricante/fornecedor.', 'Imagens ilustrativas, as cores podem alterar conforme o seu monitor.', 'Produtos que compõem a foto não acompanha o produto, são de caráter ilustrativo.', 12),
	(11, 'Confete coloreti', 14.90, 'Divirta-se com essa explosão de sabores, utilizando para complementar com seus docinhos de festas.', 'confete.png', 'confete2.png', 'Pacote 500g', 'Pastilhas confeitadas e coloridas com Sabor delicioso de Chocolate, crocantes por fora e macias por dentro.', 'Todas as informações divulgadas são de responsabilidade do fabricante/fornecedor.', 'Imagens ilustrativas, as cores podem alterar conforme o seu monitor.', 'Produtos que compõem a foto não acompanha o produto, são de caráter ilustrativo.', 13),
	(12, 'Granulado Junco', 11.50, 'Granulado Junco com 150g de chocolate', 'granuladochocolate.png', 'granuladochocolate2.png', 'Embalagem com 150g.', 'Ideal para usar nos Brigadeiros e Doces em Geral.', 'Todas as informações divulgadas são de responsabilidade do fabricante/fornecedor.', 'Imagens ilustrativas, as cores podem alterar conforme o seu monitor.', 'Produtos que compõem a foto não acompanha o produto, são de caráter ilustrativo.', 13),
	(13, 'Açucar Mavalério azul', 3.70, 'Açúcar cristal colorido é perfeito para decorações em docinhos de festas, maçã do amor, para a fabricação de algodão doce e biscoitos.', 'açucarazul.png', 'açucarazul2.png', '300g de açucar', 'Armazenar fechado em local fresco, seco, limpo e inodoro. Evitar exposição ao sol. Após aberta a embalagem, recomenda-se o consumo do produto em até 30 dias e que ela seja guardada bem fechada em local fresco e seco.O produto pode descolorir em contato co', 'Todas as informações divulgadas são de responsabilidade do fabricante/fornecedor.', 'Imagens ilustrativas, as cores podem alterar conforme o seu monitor.', 'Produtos que compõem a foto não acompanha o produto, são de caráter ilustrativo.', 11),
	(14, 'Açucar Mavalério vermelho', 3.70, 'Açúcar cristal colorido é perfeito para decorações em docinhos de festas, maçã do amor, para a fabricação de algodão doce e biscoitos.', 'açucaravermelho.png', 'açucaravermelho2.png', '300g de açucar', 'Armazenar fechado em local fresco, seco, limpo e inodoro. Evitar exposição ao sol. Após aberta a embalagem, recomenda-se o consumo do produto em até 30 dias e que ela seja guardada bem fechada em local fresco e seco.O produto pode descolorir em contato co', 'Todas as informações divulgadas são de responsabilidade do fabricante/fornecedor.', 'Imagens ilustrativas, as cores podem alterar conforme o seu monitor.', 'Produtos que compõem a foto não acompanha o produto, são de caráter ilustrativo.', 11),
	(15, 'Açucar Mavalério verde', 3.70, 'Açúcar cristal colorido é perfeito para decorações em docinhos de festas, maçã do amor, para a fabricação de algodão doce e biscoitos.', 'açucaraverde.png', 'açucaraverde2.png', '300g de açucar', 'Armazenar fechado em local fresco, seco, limpo e inodoro. Evitar exposição ao sol. Após aberta a embalagem, recomenda-se o consumo do produto em até 30 dias e que ela seja guardada bem fechada em local fresco e seco.O produto pode descolorir em contato co', 'Todas as informações divulgadas são de responsabilidade do fabricante/fornecedor.', 'Imagens ilustrativas, as cores podem alterar conforme o seu monitor.', 'Produtos que compõem a foto não acompanha o produto, são de caráter ilustrativo.', 11),
	(16, 'Açucar Mavalério amarelo', 3.70, 'Açúcar cristal colorido é perfeito para decorações em docinhos de festas, maçã do amor, para a fabricação de algodão doce e biscoitos.', 'açucaraamarelo.png', 'açucaraamarelo2.png', '300g de açucar', 'Armazenar fechado em local fresco, seco, limpo e inodoro. Evitar exposição ao sol. Após aberta a embalagem, recomenda-se o consumo do produto em até 30 dias e que ela seja guardada bem fechada em local fresco e seco.O produto pode descolorir em contato co', 'Todas as informações divulgadas são de responsabilidade do fabricante/fornecedor.', 'Imagens ilustrativas, as cores podem alterar conforme o seu monitor.', 'Produtos que compõem a foto não acompanha o produto, são de caráter ilustrativo.', 11),
	(17, 'Açucar Mavalério rosa', 3.70, 'Açúcar cristal colorido é perfeito para decorações em docinhos de festas, maçã do amor, para a fabricação de algodão doce e biscoitos.', 'açucarrosa.png', 'açucarrosa2.png', '300g de açucar', 'Armazenar fechado em local fresco, seco, limpo e inodoro. Evitar exposição ao sol. Após aberta a embalagem, recomenda-se o consumo do produto em até 30 dias e que ela seja guardada bem fechada em local fresco e seco.O produto pode descolorir em contato co', 'Todas as informações divulgadas são de responsabilidade do fabricante/fornecedor.', 'Imagens ilustrativas, as cores podem alterar conforme o seu monitor.', 'Produtos que compõem a foto não acompanha o produto, são de caráter ilustrativo.', 11),
	(18, 'Corante Gel verde', 5.90, 'O Corante Soft Gel Verde da Fab! tem uma cor viva e bastante vibrante. É altamente concentrado  favorecendo um rendimento muito maior se comparado aos corantes líquidos e em gel', 'corantegelverde.png', 'corantegelamarelo2.png', ' 5g por kg de produto final.', 'O Corante Soft Gel Vermelho Natal da Fab! dentre todos os outros corantes em gel vermelhos da fab!, pois sua tonalidade é puxada mais para o vinho. É altamente concentrado, favorecendo um rendimento muito maior se comparado aos corantes líquidos e em gel,', 'Todas as informações divulgadas são de responsabilidade do fabricante/fornecedor.', 'Imagens ilustrativas, as cores podem alterar conforme o seu monitor.', 'Produtos que compõem a foto não acompanha o produto, são de caráter ilustrativo.', 11),
	(19, 'Corante Gel vermelho', 5.90, 'O Corante Soft Gel Verde da Fab! tem uma cor viva e bastante vibrante. É altamente concentrado  favorecendo um rendimento muito maior se comparado aos corantes líquidos e em gel', 'corantegelvermelho.png', 'corantegelamarelo2.png', ' 5g por kg de produto final.', 'O Corante Soft Gel Vermelho Natal da Fab! dentre todos os outros corantes em gel vermelhos da fab!, pois sua tonalidade é puxada mais para o vinho. É altamente concentrado, favorecendo um rendimento muito maior se comparado aos corantes líquidos e em gel,', 'Todas as informações divulgadas são de responsabilidade do fabricante/fornecedor.', 'Imagens ilustrativas, as cores podem alterar conforme o seu monitor.', 'Produtos que compõem a foto não acompanha o produto, são de caráter ilustrativo.', 11),
	(20, 'Corante Gel amarelo', 5.90, 'O Corante Soft Gel Verde da Fab! tem uma cor viva e bastante vibrante. É altamente concentrado  favorecendo um rendimento muito maior se comparado aos corantes líquidos e em gel', 'corantegelamarelo.png', 'corantegelamarelo2.png', ' 5g por kg de produto final.', 'O Corante Soft Gel Vermelho Natal da Fab! dentre todos os outros corantes em gel vermelhos da fab!, pois sua tonalidade é puxada mais para o vinho. É altamente concentrado, favorecendo um rendimento muito maior se comparado aos corantes líquidos e em gel,', 'Todas as informações divulgadas são de responsabilidade do fabricante/fornecedor.', 'Imagens ilustrativas, as cores podem alterar conforme o seu monitor.', 'Produtos que compõem a foto não acompanha o produto, são de caráter ilustrativo.', 11),
	(21, 'Corante Gel azul marinho', 5.90, 'O Corante Soft Gel Verde da Fab! tem uma cor viva e bastante vibrante. É altamente concentrado  favorecendo um rendimento muito maior se comparado aos corantes líquidos e em gel', 'corantegelazul.png', 'corantegelazul2.png', ' 5g por kg de produto final.', 'O Corante Soft Gel Vermelho Natal da Fab! dentre todos os outros corantes em gel vermelhos da fab!, pois sua tonalidade é puxada mais para o vinho. É altamente concentrado, favorecendo um rendimento muito maior se comparado aos corantes líquidos e em gel,', 'Todas as informações divulgadas são de responsabilidade do fabricante/fornecedor.', 'Imagens ilustrativas, as cores podem alterar conforme o seu monitor.', 'Produtos que compõem a foto não acompanha o produto, são de caráter ilustrativo.', 11),
	(22, 'Corante Gel roxo', 5.90, 'O Corante Soft Gel Verde da Fab! tem uma cor viva e bastante vibrante. É altamente concentrado  favorecendo um rendimento muito maior se comparado aos corantes líquidos e em gel', 'corantegelroxo.png', 'corantegelroxo2.png', ' 5g por kg de produto final.', 'O Corante Soft Gel Vermelho Natal da Fab! dentre todos os outros corantes em gel vermelhos da fab!, pois sua tonalidade é puxada mais para o vinho. É altamente concentrado, favorecendo um rendimento muito maior se comparado aos corantes líquidos e em gel,', 'Todas as informações divulgadas são de responsabilidade do fabricante/fornecedor.', 'Imagens ilustrativas, as cores podem alterar conforme o seu monitor.', 'Produtos que compõem a foto não acompanha o produto, são de caráter ilustrativo.', 11),
	(23, 'Corante Gel rosa', 5.90, 'O Corante Soft Gel Verde da Fab! tem uma cor viva e bastante vibrante. É altamente concentrado  favorecendo um rendimento muito maior se comparado aos corantes líquidos e em gel', 'corantegelrosa.png', 'corantegelamarelo2.png', ' 5g por kg de produto final.', 'O Corante Soft Gel Vermelho Natal da Fab! dentre todos os outros corantes em gel vermelhos da fab!, pois sua tonalidade é puxada mais para o vinho. É altamente concentrado, favorecendo um rendimento muito maior se comparado aos corantes líquidos e em gel,', 'Todas as informações divulgadas são de responsabilidade do fabricante/fornecedor.', 'Imagens ilustrativas, as cores podem alterar conforme o seu monitor.', 'Produtos que compõem a foto não acompanha o produto, são de caráter ilustrativo.', 11),
	(24, 'Corante Gel marrom', 5.90, 'O Corante Soft Gel Verde da Fab! tem uma cor viva e bastante vibrante. É altamente concentrado  favorecendo um rendimento muito maior se comparado aos corantes líquidos e em gel', 'corantegelmarrom.png', 'corantegelamarelo2.png', ' 5g por kg de produto final.', 'O Corante Soft Gel Vermelho Natal da Fab! dentre todos os outros corantes em gel vermelhos da fab!, pois sua tonalidade é puxada mais para o vinho. É altamente concentrado, favorecendo um rendimento muito maior se comparado aos corantes líquidos e em gel,', 'Todas as informações divulgadas são de responsabilidade do fabricante/fornecedor.', 'Imagens ilustrativas, as cores podem alterar conforme o seu monitor.', 'Produtos que compõem a foto não acompanha o produto, são de caráter ilustrativo.', 11);

/*!40103 SET TIME_ZONE=IFNULL(@OLD_TIME_ZONE, 'system') */;
/*!40101 SET SQL_MODE=IFNULL(@OLD_SQL_MODE, '') */;
/*!40014 SET FOREIGN_KEY_CHECKS=IFNULL(@OLD_FOREIGN_KEY_CHECKS, 1) */;
/*!40101 SET CHARACTER_SET_CLIENT=@OLD_CHARACTER_SET_CLIENT */;
/*!40111 SET SQL_NOTES=IFNULL(@OLD_SQL_NOTES, 1) */;
